id,topic_id,title,order,en,vi,zh,fr,de,hi,ind,it,ko,ms,pt,ru,es,th,tl,ar,pl,hr,nl,el,hu,sv,cs,ro,bg,da,tr,fi,sl,fa,bn,uk,am,km,si,zu,sw,lo,no
1,1,身体,8,Body,Thân Thể,身体,Corps,Karosserie,तन,Tubuh,Corpo,신체,Badan,Corpo,тело,Cuerpo,ร่างกาย,Katawan,الجسم,Ciało,Tijelo,Lichaam,Σώμα,Test,Kropp,Tělo,Corp,тяло,Legeme,Vücut,Ruumis,Telo,بدن,শরীর,Тіло,አካል,រាងកាយ,සිරුර,Umzimba,Mwili,ຮ່າງກາຍ,Kropp
2,1,顔,5,Face,Khuôn Mặt,脸,Visage,Gesicht,चेहरा,Menghadapi,Viso,얼굴,Muka,Face,Лицо,La Cara,ใบหน้า,Mukha,وجه,Twarz,Lice,Gezicht,Πρόσωπο,Arc,Ansikte,Tvář,Față,лице,Ansigt,Yüz,Kasvot,Obraz,صورت,মুখ,Обличчя,ፊት,មុខ,මුහුණ,Ubuso,Uso,ໃບຫນ້າ,Ansikt
3,1,手,6,Hand,Tay,手,Main,Hand,हाथ,Tangan,Mano,손,Tangan,Mão,Рука,La Mano,มือ,Kamay,يد,Dłoń,Ruka,Hand,Χέρι,Kéz,Hand,Ruka,Mână,ръка,Hånd,El,Käsi,Roka,دست,হাত,Рука,በእጅ,ដៃ,අත,Isandla,Mkono,ມື,Hånd
4,1,足,7,Foot,Chân,脚,Pied,Fuß,पैर,Kaki,Piede,발,Kaki,Pé,Ступня,El Pie,เท้า,Paa,قدم,Stopa,Noga,Voet,Πόδι,Láb,Fot,Noha,Picior,Крак,Fod,Ayak,Jalka,Noga,پا,পা,Нога,እግር,ជើង,පාදය,Izinyawo,Mguu,ຕີນ,Fot
5,1,筋肉,11,Muscles,Cơ,肌肉,Muscles,Muskeln,मांसपेशियों,Otot,Muscoli,근육,Otot,Músculos,Мышцы,Músculos,กล้ามเนื้อ,Mga Kalamnan,العضلات,Mięśnie,Mišići,Spieren,Μύες,Az Izmok,Muskler,Svaly,Muşchii,Мускули,Muskler,Kaslar,Lihakset,Mišice,عضلات,পেশী,М'язи,ጡንቻዎች,សាច់ដុំ,මාංශපේශී,Imisipha,Misuli,ກ້າມເນື້ອ,Muskler
6,1,骨格,10,Skeleton,Bộ Xương,骨骼,Squelette,Skelett,कंकाल,Kerangka,Scheletro,해골,Rangka,Esqueleto,остов,Esqueleto,โครงกระดูก,Kalansay,هيكل عظمي,Szkielet,Kostur,Skelet,Σκελετός,Csontváz,Skelett,Kostra,Schelet,скелет,Skelet,Iskelet,Luuranko,Okostje,اسکلت,কঙ্কাল,Скелет,አጽም,គ្រោងឆ្អឹង,ඇටසැකිල්ල,Skeleton,Mifupa,Skeleton,Skjelett
7,1,内蔵,9,Internal Organs,Cơ Quan Nội Tạng,内脏,Les Organes Internes,Innere Organe,आंतरिक अंग,Organ Dalam,Organi Interni,내장 기관,Organ Dalaman,Órgãos Internos,Внутренние органы,Órganos Internos,อวัยวะภายใน,Lamang Loob,اعضاء داخلية,Narządy Wewnętrzne,Unutarnji Organi,Interne Organen,Εσωτερικά όργανα,Belső Szervek,Inre Organ,Vnitřní Orgány,Organe Interne,Вътрешни органи,Indre Organer,İç Organlar,Sisäelimet,Notranji Organi,اعضای داخلی,অভ্যন্তরীণ অঙ্গ,Внутрішні органи,የውስጥ አካላት,សរីរាង្គខាងក្នុង,අභ්යන්තර අවයව,Izitho Zangaphakathi,Viungo Vya Ndani,ອະໄວຍະວະພາຍໃນ,Indre Organer
9,1,家族,3,Family,Gia Đình,家庭,Famille,Familie,परिवार,Keluarga,Famiglia,가족,Keluarga,Família,семья,Familia,ครอบครัว,Pamilya,عائلة,Rodzina,Obitelj,Familie,οικογένεια,Család,Familj,Rodina,Familie,семейство,Familie,Aile,Perhe,Družino,خانواده,পরিবার,сім'ї,ቤተሰብ,គ្រួសារ,පවුලේ,Umndeni,Familia,ຄອບຄົວ,Familie
10,1,人間関係,2,Relationships,Quan Hệ,人际关系,Des Relations,Beziehungen,रिश्तों,Hubungan,Relazioni,관계,Hubungan,Relacionamentos,отношения,Relaciones,สัมพันธ์,Mga Relasyon,العلاقات,Relacje,Odnosa,Relaties,σχέσεις,Kapcsolatok,Relationer,Vztahy,Relaţii,взаимоотношения,Relationer,Ilişkiler,Suhteita,Odnosov,روابط,সম্পর্ক,відносини,ግንኙነቶች,ទំនាក់ទំនង,සබඳතා,Ubudlelwano,Mahusiano,ການພົວພັນ,Forhold
11,1,感情,1,Emotions,Cảm Xúc,情绪,Émotions,Emotionen,भावनाएँ,Emosi,Emozioni,감정,Emosi,Emoções,эмоции,Emociones,อารมณ์,Emosyon,العواطف,Emocje,Emocije,Emoties,συναισθήματα,Érzelmek,Känslor,Emoce,Emoții,емоции,Følelser,Duygular,Tunteet,Čustva,احساسات,আবেগ,емоції,ስሜቶች,អារម្មណ៍,හැඟීම්,Imizwelo,Hisia,ອາ​ລົມ,Følelser
12,1,人生,4,Life Events,Cuộc Đời,人生,Événements De La Vie,Lebensereignisse,जीवन की घटनाएं,Peristiwa Kehidupan,Eventi Della Vita,생활 사건,Peristiwa Hidup,Eventos Da Vida,жизненные события,Eventos De La Vida,เหตุการณ์ในชีวิต,Mga Pangyayari Sa Buhay,أحداث الحياة,Wydarzenia Życiowe,Životni Događaji,Levensgebeurtenissen,γεγονότα ζωής,Életesemeny,Livshändelser,Životní Události,Evenimentele De Viață,житейски събития,Livsbegivenheder,Yaşam Olayları,Elämäntapahtumat,Življenjskih Dogodkov,رویدادهای زندگی,জীবনের ঘটনা,події життя,የሕይወት ክስተቶች,ព្រឹត្តិការណ៍ជីវិត,ජීවිතය සිද්ධීන්,Izenzakalo Zokuphila,Matukio Ya Maisha,ເຫດການຊີວິດ,Livshendelser
15,2,女性服,1,Clothing - Women,Quần Áo Nữ,女士服装,Vêtements - Femmes,Kleidung - Frauen,कपड़े - महिलाओं,Pakaian - Wanita,Abbigliamento - Donna,의류 - 여성,Pakaian - Wanita,Roupas - Mulheres,одежда женская,Ropa Para Mujer,เสื้อผ้า - ผู้หญิง,Damit - Kababaihan,الملابس - النساء,Odzież - Kobiety,Odjeća - Žene,Kleding - Vrouwen,ρούχα - γυναίκες,Ruházat - Nők,Kläder - Kvinnor,Oděvy - Ženy,Îmbrăcăminte - Femei,облекло - жени,Tøj - Kvinder,Giyim - Kadın,Vaatteet - Naiset,Oblačila - Ženske,لباس - زنان,পোশাক - নারী,одяг - жінки,ልብስ - ሴቶች,សម្លៀកបំពាក់ - ស្ត្រី,ඇඳුම් - කාන්තාවන්,Izingubo - Abesifazane,Nguo - Wanawake,ເຄື່ອງນຸ່ງຫົ່ມ - ແມ່ຍິງ,Klær - Kvinner
16,2,装身具,6,Accessories,Phụ Kiện,配饰,Accessoires,Zubehör,सामान,Aksesoris,Accessori,부속품,Aksesori,Acessórios,аксессуары,Accesorios,อุปกรณ์,Accessory,مستلزمات,Akcesoria,Pribor,Accessoires,αξεσουάρ,Kiegészítők,Tillbehör,Příslušenství,Accesorii,аксесоари,Tilbehør,Aksesuarlar,Lisätarvikkeet,Dodatki,تجهیزات جانبی,মালপত্র,аксесуари,መለዋወጫዎች,គ្រឿង,උපාංග,Izesekeli,Vifaa,ອຸປະກອນເສີມ,Tilbehør
17,2,髪,4,Hair,Tóc,头发,Cheveux,Haar,बाल,Rambut,Capelli,머리,Rambut,Cabelo,волосы,El Pelo,ผม,Buhok,شعر,Włosy,Dlaka,Haar-,μαλλιά,Haj,Hår,Vlasy,Păr,коса,Hår,Saç,Hiukset,Lase,مو,চুল,волосся,ፀጉር,សក់,හිසකෙස්,Izinwele,Nywele,ຜົມ,Hår
18,2,美容,5,Beauty,Vẻ Đẹp,美容,Beauté,Schönheit,सुंदरता,Keindahan,Bellezza,아름다움,Kecantikan,Beleza,красота,Belleza,ความงาม,Kagandahan,جمال,Piękno,Ljepota,Schoonheid,ομορφιά,Szépség,Skönhet,Krása,Frumuseţe,красота,Skønhed,Güzellik,Kauneus,Lepoto,زیبایی,সৌন্দর্য,краси,ውበት,សម្រស់,අලංකාරය,Ubuhle,Uzuri,ຄວາມງາມ,Skjønnhet
19,3,病気,1,Illness,Bệnh Tật,疾病,Maladie,Krankheit,रोग,Penyakit,Malattia,병고,Penyakit,Doença,болезнь,Enfermedad,เจ็บป่วย,Sakit,مرض,Choroba,Bolest,Ziekte,ασθένεια,Betegség,Sjukdom,Nemoc,Boală,заболяване,Sygdom,Hastalık,Sairaus,Bolezni,بیماری,অসুস্থতা,хвороба,ሕመም,ជំងឺ,අසනීප වේ,Ukugula,Ugonjwa,ເຈັບປ່ວຍ,Sykdom
20,3,医者,3,Doctor,Bác Sĩ,医生,Médecin,Arzt,चिकित्सक,Dokter,Medico,의사,Doktor,Médico,врач,Doctor,คุณหมอ,Doktor,طبيب,Lekarz,Liječnik,Doctor,γιατρός,Orvos,Läkare,Doktor,Doctor,лекар,Læge,Doktor,Lääkäri,Zdravnik,دکتر,ডাক্তার,лікаря,ሐኪም,វេជ្ជបណ្ឌិត,වෛද්යවරයෙක්,Udokotela,Daktari,ທ່ານຫມໍ,Doktor
21,3,怪我,2,Injury,Vết Thương,伤口,Blessure,Verletzung,चोट,Cedera,Ferita,해,Kecederaan,Prejuízo,травма,La Herida,ความเสียหาย,Pinsala,إصابه,Zranienie,Ozljeda,Letsel,βλάβη,Sérülés,Skada,Zranění,Rănire,нараняване,Skade,Hasar,Vahinko,Poškodbe,صدمه,আঘাত,травми,ጉዳት,របួស,තුවාලයක්,Ukulimala,Kuumia,ການບາດເຈັບ,Skade
22,3,応急手当,4,First Aid,Sơ Cứu,急救,Premiers Secours,Erste Hilfe,प्राथमिक चिकित्सा,Pertolongan Pertama,Primo Soccorso,응급 처치,Pertolongan Cemas,Primeiros Socorros,первая помощь,Primeros Auxilios,ปฐมพยาบาล,Pangunang Lunas,الإسعافات الأولية,Pierwsza Pomoc,Prva Pomoć,Eerste Hulp,πρώτες βοήθειες,Elsősegély,Första Hjälpen,První Pomoc,Primul Ajutor,първа помощ,Førstehjælp,Ilk Yardım,Ensiapu,Prva Pomoč,کمک های اولیه,প্রাথমিক চিকিৎসা,перша допомога,የመጀመሪያ እርዳታ,ការ​សង្គ្រោះ​បថ​ម,ප්රථමාධාර,Insiza Yezimo Eziphuthumayo,Första Hjälpen,ການຊ່ວຍເຫຼືອຄັ້ງທໍາອິດ,Førstehjelp
23,3,病院,5,Hospital,Bệnh Viện,医院,Hôpital,Krankenhaus,अस्पताल,RSUD,Ospedale,병원,Hospital,Hospital,больница,Hospital,โรงพยาบาล,Ospital,مستشفى,Szpital,Bolnica,Ziekenhuis,νοσοκομείο,Kórház,Sjukhus,Nemocnice,Spital,болница,Hospital,Hastane,Sairaala,Bolnišnica,بیمارستان,হাসপাতাল,лікарні,ሆስፒታል,មន្ទីរពេទ្យ,රෝහල,Esibhedlela,Hospitali,ໂຮງຫມໍ,Sykehus
27,3,目,9,Eye,Mắt,眼睛,Œil,Auge,आंख,Mata,Occhio,눈,Mata,Olho,глаз,Los Ojos,ตา,Mata,عين,Oko,Oko,Oog,μάτι,Szem,Öga,Oko,Ochi,око,Øje,Göz,Silmä,Oči,چشم,চোখ,очей,ዓይን,ភ្នែក,ඇස,Iso,Jicho,ຕາ,Øye
29,3,出産,10,Childbirth,Sinh Đẻ,分娩,Accouchement,Geburt,प्रसव,Persalinan,Parto,출산,Melahirkan Anak,Parto,роды,El Parto,การคลอดบุตร,Panganganak,الولادة,Poród,Porođaj,Bevalling,ΓΕΝΝΗΣΗ ΠΑΙΔΙΟΥ,Szülés,Förlossning,Porod,Naştere,раждане,Fødsel,Çocuk Doğurma,Synnytys,Poroda,زایمان,প্রসবাবস্থা,пологи,ልጅ መውለድ,ការសម្រាលកូន,දරු ප්රසූතියේදී,Ukubeletha,Kuzaa,ການເກີດລູກ,Fødsel
32,4,住宅,7,House,Nhà Ở,住宅,Maison,Haus,मकान,Rumah,Casa,집,Rumah,Casa,жилой дом,La Casa,บ้าน,Bahay,منزل,Dom,Kuća,Huis,σπίτι,Ház,Hus,Dům,Casă,къща,Hus,Ev,Talo,Hiša,خانه,গৃহ,будинок,ቤት,ផ្ទះ,නිවස,Indlu,Nyumba,ເຮືອນ,Hus
34,4,居間,2,Living Room,Phòng Khách,客厅,Salon,Wohnzimmer,बैठक कक्ष,Ruang Keluarga,Soggiorno,거실,Ruang Tamu,Sala De Estar,гостинная,El Salón,ห้องนั่งเล่น,Sala,غرفة المعيشة,Salon,Dnevna Soba,Woonkamer,σαλόνι,Nappali,Vardagsrum,Obývací Pokoj,Sufragerie,хол,Stue,Oturma Odası,Olohuone,Dnevna Soba,حال,লিভিং রুমে,Вітальня,ሳሎን,បន្ទប់ទទួលភ្ញៀវ,විසිත්ත කාමරය,Igumbi Lokuphumula,Chumba Cha Kulala,ຫ້ອງ​ຮັບ​ແຂກ,Stue
35,4,ダイニングルーム,3,Dining Room,Phòng Ăn,餐厅,Salle À Manger,Esszimmer,भोजन कक्ष,Ruang Makan,Sala Da Pranzo,식당,Ruang Makan,Sala De Jantar,столовая,El Comedor,ห้องอาหาร,Hapag Kainan,غرفة العشاء,Jadalnia,Blagovaonica,Eetkamer,τραπεζαρία,Étkező,Matsal,Jídelna,Sala De Mese,трапезария,Spisestue,Yemek Odası,Ruokasali,Jedilnica,ناهارخوری,খাবার কক্ষ,їдальня,መመገቢያ ክፍል,បន្ទប់បរិភោគអាហារ,කෑම කාමරය,Ikamelo Lokudlela,Chumba Cha Kulia,ຫ້ອງ​ກິນ​ເຂົ້າ,Spisestue
36,4,台所,4,Kitchen,Nhà Bếp,厨房,Cuisine,Küche,रसोई,Dapur,Cucina,부엌,Dapur,Cozinha,кухня,La Cocina,ครัว,Kusina,مطبخ,Kuchnia,Kuhinja,Keuken-,κουζίνα,Konyha,Kök,Kuchyně,Bucătărie,кухня,Køkken,Mutfak,Keittiö,Kuhinja,آشپزخانه,রান্নাঘর,кухня,ወጥ ቤት,ផ្ទះបាយ,කුස්සිය,Ikhishi,Jikoni,ເຮືອນຄົວ,Kjøkken
37,4,調理用具,1,Kitchenware,Đồ Dùng Nấu Ăn,厨房用具,Ustensiles De Cuisine,Geschirr,बरतन,Peralatan Dapur,Utensili Da Cucina,주방 용품,Peralatan Dapur,Utensílios De Cozinha,кухонная утварь,El Menaje De Cocina,เครื่องครัว,Kitchenware,أدوات المطبخ,Sprzęt Kuchenny,Kuhinjsko Posuđe,Keukengerei,ΕΙΔΗ ΚΟΥΖΙΝΑΣ,Konyhaedények,Köksutrustning,Kuchyňské Nádobí,Ustensile De Bucătărie,кухненски съдове и прибори,Køkkenudstyr,Mutfak Gereçleri,Keittiö-,Kuhinjska Posoda,وسایل آشپزخانه,বাসনপত্র,посуд,የምግብ ዕቃዎች,ផ្ទះបាយ,මුළුතැන්ගෙයි උපකරණ,I-Kitchenware,Kitchenware,kitchenware,Kjøkkenutstyr
38,4,寝室,5,Bedroom,Phòng Ngủ,卧室,Chambre,Schlafzimmer,शयनकक्ष,Kamar Tidur,Camera Da Letto,침실,Bilik Tidur,Quarto,спальная комната,La Habitación,ห้องนอน,Kwarto,غرفة نوم,Sypialnia,Spavaća Soba,Slaapkamer,υπνοδωμάτιο,Hálószoba,Sovrum,Ložnice,Dormitor,спалня,Soveværelse,Yatak Odası,Makuuhuone,Spalnico,اتاق خواب,শয়নকক্ষ,спальні,መኝታ ቤት,បន្ទប់គេង,නිදන කාමරය,Ekamelweni Lokulala,Chumbani,ຫ້ອງນອນ,Soverom
39,4,浴室,6,Bathroom,Nhà Tắm,浴室,Salle De Bains,Badezimmer,बाथरूम,Kamar Mandi,Bagno,화장실,Bilik Mandi,Banheiro,ванная,El Baño,ห้องอาบน้ำ,Banyo,حمام,Łazienka,Kupaonica,Badkamer,τουαλέτα,Fürdőszoba,Badrum,Koupelna,Baie,баня,Badeværelse,Banyo,Kylpyhuone,Kopalnica,حمام,পায়খানা,ванна кімната,መታጠቢያ ቤት,បន្ទប់ទឹក,නානකාමරය,Indlu Yokugezela,Bafuni,ຫ້ອງນ້ໍາ,Baderom
40,4,子供部屋,8,Nursery,Phòng Trẻ Em,儿童间,Garderie,Kindergarten,नर्सरी,Kamar Bayi,Asilo Nido,양식장,Nurseri,Berçário,питомник,La Guardería,แปลง,Nursery,حضانة,Żłobek,Jaslice,Kwekerij,φυτώριο,Óvoda,Barnkammare,Školka,Pepinieră,детска ясла,Planteskole,Kreş,Lastentarha,Vrtec,مهد کودک,শিশুশালা,розплідник,መዋዕለ ሕፃናት,កន្លែងបណ្តុះកូន,තවාන්,I-Nursery,Kitalu,ສວນກ້າ,Planteskole
41,4,ユティリティルーム,9,Utility Room,Phòng Tiện Ích,杂物间,Buanderie,Allzweckraum,व्यावहारिक कक्ष,Ruang Utilitas,Stanza Utile,유틸리티 실,Bilik Utiliti,Despensa,подсобное помещение,El Lavadero,ห้องเอนกประสงค์,Utility Room,غرفة المرافق,Pomieszczenie Gospodarcze,Ostava,Bijkeuken,βοηθητικό δωμάτιο,Mosókonyha,Förråd,Technická Místnost,Cameră Utilitară,мокро помещение,Bryggers,Hizmet Odası,Kodinhoitohuone,Shramba,اتاق ابزار,ইউটিলিটি রুম,підсобне приміщення,የመገልገያ ክፍል,បន្ទប់ប្រើប្រាស់,උපයෝගීතා කාමරය,Igumbi Lokusebenzela,Chumba Cha Huduma,ຫ້ອງນ້ໍາປະປາ,Utstyrsrom
42,4,作業場,10,Workshop,Xưởng,车间,Atelier,Werkstatt,कार्यशाला,Bengkel,Laboratorio,작업장,Bengkel,Oficina,мастерская,El Taller,โรงงาน,Workshop,ورشة عمل,Warsztat,Radionica,Werkplaats,ΕΡΓΑΣΤΗΡΙ,Műhely,Verkstad,Dílna,Atelier,цех,Værksted,Atölye,Työpaja,Delavnico,کارگاه,কারখানা,майстерні,አውደ ጥናት,សិក្ខាសាលា,වැඩමුළුව,Workshop,Semina,ກອງປະຊຸມ,Verksted
49,5,緊急サービス,3,Emergency Services,Các Dịch Vụ Khẩn Cấp,紧急服务,Services D'urgence,Rettungsdienste,आपातकालीन सेवाएं,Layanan Darurat,Servizi Di Emergenza,긴급 서비스,Perkhidmatan Kecemasan,Serviços De Emergência,Службы спасения,Los Servicios De Emergencia,บริการฉุกเฉิน,Mga Serbisyong Pang-Emergency,خدمات الطوارئ,Służby Ratunkowe,Hitne Službe,Hulpverleningsdiensten,υπηρεσίες έκτακτης ανάγκης,Sürgősségi Ellátás,Akuttjänster,Nouzové Služby,Serviciile De Urgență,спешна помощ,Nødtjenester,Acil Servisler,Hätäpalvelut,Reševalne Službe,خدمات ضروری,জরুরী সেবা,аварійних служб,የድንገተኛ አገልግሎቶች,សេវា​សង្គ្រោះ​បន្ទាន់,හදිසි සේවා,Amasevisi Ophuthumayo,Huduma Za Dharura,ບໍລິການສຸກເສີນ,Nødhjelp
50,5,銀行,2,Bank,Ngân Hàng,银行,Banque,Bank,बैंक,Bank,Banca,은행,Bank,Banco,банка,El Banco,ธนาคาร,Bangko,بنك,Bank,Banka,Bank,τράπεζα,Bank,Bank,Banka,Bancă,банка,Bank,Banka,Pankki,Banki,بانک,ব্যাংক,банку,ባንክ,ធនាគារ,බැංකුව,Ibhange,Benki,ທະນາຄານ,Bank
51,5,コミュニケーション,4,Communications,Truyền Thông,通讯,Les Communications,Kommunikation,संचार,Komunikasi,Comunicazioni,연락,Komunikasi,Comunicações,связь,Las Comunicaciones,คมนาคม,Komunikasyon,مجال الاتصالات,Komunikacja,Komunikacije,Communicatie,διαβιβάσεις,Távközlés,Kommunikation,Komunikace,Comunicații,комуникации,Kommunikation,Iletişim,Viestintä,Komunikacije,ارتباطات,যোগাযোগ,комунікацій,ግንኙነቶች,ទំនាក់ទំនង,සන්නිවේදනයයි,Ukuxhumana,Mawasiliano,ການສື່ສານ,Kommunikasjon
52,5,ホテル,1,Hotel,Khách Sạn,旅馆,Un Hôtel,Hotel,होटल,Hotel,Hotel,호텔,Hotel,Hotel,Гостиница,El Hotel,โรงแรม,Hotel,الفندق,Hotel,Hotel,Hotel,ξενοδοχειο,Szálloda,Hotell,Hotel,Hotel,хотел,Hotel,Otel,Hotelli,Hotel,هتل,হোটেল,готель,ሆቴል,សណ្ឋាគារ,හෝටල්,Ihhotela,Hoteli,ໂຮງແຮມ,Hotell
53,6,ショッピングセンター,4,Shopping Centre,Trung Tâm Mua Sắm,购物中心,Centre Commercial,Einkaufszentrum,शॉपिंग सेंटर,Pusat Perbelanjaan,Centro Commerciale,쇼핑 센터,Pusat Membeli-Belah,Shopping Center,торговый центр,Centro Comercial,ศูนย์การค้า,Shopping Center,مركز تسوق,Centrum Handlowe,Soping Centar,Winkelcentrum,εμπορικό κέντρο,Bevásárlóközpont,Köpcentrum,Nákupní Centrum,Centru Comercial,търговски център,Indkøbscenter,Alışveriş Merkezi,Ostoskeskus,Nakupovalni Center,مرکز خرید,বিপনি বিতান,торговий центр,የገበያ ማዕከል,មជ្ឈមណ្ឌលផ្សារទំនើប,සාප්පු මධ්යස්ථානයයි,Indawo Yokuthenga,Kituo Cha Ununuzi,ສູນ​ການ​ຄ້າ,Kjøpesenter
55,6,スーパーマーケット,1,Supermarket,Siêu Thị,超市,Supermarché,Supermarkt,सुपरमार्केट,Supermarket,Supermercato,슈퍼마켓,Pasar Raya,Supermercado,супермаркет,Supermercado,ซุปเปอร์มาร์เก็ต,Supermarket,سوبر ماركت,Supermarket,Supermarket,Supermarkt,σουπερμάρκετ,Szupermarket,Mataffär,Supermarket,Supermarket,супермаркет,Supermarked,Süpermarket,Supermarket,Supermarket,سوپر مارکت,সুপারমার্কেট,супермаркет,ሱፐርማርኬት,ផ្សារទំនើប,සුපිරිවෙළෙඳසැල,Isuphamakethe,Maduka Makubwa,supermarket,Supermarked
56,6,薬局,3,Chemist,Dược Phẩm,药品,Chimiste,Chemiker,रसायनज्ञ,Ahli Kimia,Chimico,화학자,Ahli Kimia,Químico,химик,Químico,นักเคมี,Botika,كيميائي,Chemik,Kemičar,Scheikundige,χημικός,Vegyész,Kemist,Chemik,Chimist,химик,Kemiker,Eczacı,Kemisti,Kemik,شیمیدان,রসায়নবিৎ,хімік,ኬሚስት,គីមីវិទូ,රසායනඥයෙක්,Isazi Samakhemikhali,Kemia,chemist,Kjemiker
59,6,菓子屋,6,Confectioner,Cửa Hàng Kẹo,糖果店,Confiseur,Konditor,हलवाई,Penjual Manisan,Pasticciere,과자 장수,Pengilang,Pasteleiro,кондитер,Confitero,คนขายลูกกวาด,Taga-Gawa,حلواني,Cukiernik,Poslastičar,Banketbakker,ζαχαροπλάστης,Cukrász,Konditor,Cukrář,Cofetar,сладкар,Konditor,Şekerci,Kondiittori,Slaščičar,قنادی,ময়রা,кондитер,ጣፋጭ,confectioner,රසකැවිලි,I-Confectioner,Confectioner,confectioner,Konditor
60,6,その他の店,7,Other Shops,Cửa Hàng Khác,其他商店,Autres Magasins,Andere Geschäfte,अन्य दुकानें,Toko Lain,Altri Negozi,다른 상점들,Kedai-Kedai Lain,Outras Lojas,другие магазины,Otras Tiendas,ร้านค้าอื่น ๆ,Iba Pang Mga Tindahan,المتاجر الأخرى,Inne Sklepy,Drugim Trgovinama,Andere Winkels,άλλα καταστήματα,Más Üzletek,Andra Affärer,Další Obchody,Alte Magazine,други магазини,Andre Butikker,Diğer Dükkanlar,Muut Kaupat,Druge Trgovine,سایر مغازه ها,অন্যান্য দোকান,інші магазини,ሌሎች ሱቆች,ហាងផ្សេងទៀត,අනෙක් සාප්පු,Ezinye Izitolo,Maduka Mengine,ຮ້ານອື່ນ,Andre Butikker
61,7,肉,6,Meat,Thịt,肉,Moi À,Fleisch,मांस,Daging,Carne,고기,Daging,Carne,мясо,Carne,เนื้อ,Karne,لحم,Mięso,Meso,Vlees,κρέας,Hús,Kött,Maso,Carne,месо,Kød,Et,Liha,Meso,گوشت,মাংস,м'ясо,ስጋ,សាច់,මස්,Inyama,Nyama,ຊີ້ນ,Kjøtt
62,7,魚,7,Fish,Cá,鱼,Poisson,Fisch,मछली,Ikan,Pesce,물고기,Ikan,Peixe,рыба,Pez,ปลา,Isda,سمك,Ryba,Riba,Vis,ψάρι,Hal,Fisk,Ryba,Peşte,риба,Fisk,Balık,Kalastaa,Ribe,ماهی,মাছ,риба,ዓሳ,ត្រី,මාළු,Inhlanzi,Samaki,ປາ,Fisk
63,7,野菜,2,Vegetables,Rau,菜,Des Légumes,Gemüse,सब्जियां,Sayuran,Verdure,야채,Sayur-Sayuran,Legumes,овощи,Vegetales,ผัก,Gulay,خضروات,Warzywa,Povrće,Groenten,λαχανικά,Zöldségek,Grönsaker,Zelenina,Legume,зеленчуци,Grøntsager,Sebzeler,Vihannekset,Zelenjavo,سبزیجات,শাকসবজি,овочі,አትክልቶች,បន្លែ,එළවළු,Imifino,Mboga,ຜັກ,Grønnsaker
64,7,果物,1,Fruit,Hoa Quả,水果,Fruit,Obst,फल,Buah,Frutta,과일,Buah,Fruta,фрукты,Fruta,ผลไม้,Prutas,فاكهة,Owoc,Voće,Fruit,καρπός,Gyümölcs,Frukt,Ovoce,Fruct,плодове,Frugt,Meyve,Hedelmä,Sadje,میوه,ফল,фрукти,ፍሬ,ផ្លែឈើ,පලතුරු,Izithelo,Matunda,ຫມາກໄມ້,Frukt
65,7,穀類と豆類,8,Grains And Legumes,Ngũ Cốc Và Các Loại Đậu,谷物和豆类,Céréales Et Légumineuses,Körner Und Hülsenfrüchte,अनाज और फलियां,Biji-Bijian Dan Polong-Polongan,Cereali E Legumi,곡물과 콩류,Bijirin Dan Kekacang,Grãos E Leguminosas,зерно и бобовые,El Granos Y Los Legumbres,ธัญพืชและพืชตระกูลถั่ว,Mga Butil At Mga Luto,الحبوب والبقوليات,Ziarna I Rośliny Strączkowe,Žitarice I Mahunarke,Granen En Peulvruchten,σπόρους και όσπρια,Magvak És Hüvelyesek,Korn Och Baljväxter,Zrna A Luštěniny,Boabe Și Leguminoase,зърно и бобови растения,Korn Og Bælgfrugter,Tahıl Ve Bakliyat,Jyvät Ja Palkokasvit,Žita In Stročnice,غلات و حبوبات,শস্য এবং legumes,зернових і бобових культур,ጥራጥሬዎች እና ጥራጥሬዎች,ធញ្ញជាតិនិងសណ្តែក,ධාන්ය හා රනිල කුලය,Okusanhlamvu Kanye Nemifino,Nafaka Na Mboga,ເມັດພືດແລະ legumes,Korn Og Belgfrukter
66,7,ハーブと香辛料,12,Herbs And Spices,Các Loại Thảo Mộc Và Gia Vị,药草和香料,Herbes Et Épices,Kräuter Und Gewürze,औषधि और मसाले,Rempah Rempah,Erbe E Spezie,허브와 향신료,Herba Dan Rempah,Ervas E Especiarias,травы и специи,Hierbas Y Especias,สมุนไพรและเครื่องเทศ,Damo At Pampalasa,الأعشاب والتوابل,Zioła I Przyprawy,Bilje I Začini,Kruiden En Specerijen,βότανα και μπαχαρικά,Gyógy-És Fűszernövények,Örter Och Kryddor,Bylinky A Koření,Ierburi Și Condimente,билки и подправки,Urter Og Krydderier,Otlar Ve Baharatlar,Yrtit Ja Mausteet,Zelišča In Začimbe,گیاهان و ادویه جات ترشی جات,ঘাস এবং মশলা,трав і спецій,ዕፅዋትና ቅመማ ቅመሞች,ឱសថនិងគ្រឿងទេស,ඖෂධ පැළෑටි සහ කුළුබඩු,Amakhambi Nezinongo,Mimea Na Viungo,ພືດສະຫມຸນໄພແລະເຄື່ອງເທດ,Urter Og Krydder
67,7,瓶詰め食品,10,Bottled Foods,Thực Phẩm Đóng Chai,瓶装食品,Aliments En Bouteille,Abgefüllte Lebensmittel,बोतलबंद खाद्य पदार्थ,Makanan Botolan,Alimenti In Bottiglia,병에 넣어 진 음식,Makanan Dalam Botol,Alimentos Engarrafados,продукты в бутылках,Alimentos Embotellados,อาหารบรรจุขวด,Bote Na Pagkain,الأطعمة المعبأة في زجاجات,Żywność W Butelkach,Hrana U Bocama,Gebotteld Voedsel,εμφιαλωμένα τρόφιμα,Palackozott Élelmiszerek,Flaska Livsmedel,Balené Potraviny,Produse Alimentare Îmbuteliate,бутилирани храни,Flaskefødevarer,Şişelenmiş Gıdalar,Pullotetut Elintarvikkeet,Ustekleničena Živila,مواد غذایی بطری,বোতলজাত খাবার,харчові продукти в пляшках,የታሸጉ ምግቦች,អាហារដប,බෝතල් කළ ආහාර,Ukudla Okubhodlela,Vyakula Vya Chupa,ອາຫານຂວດ,Flaske Mat
68,7,乳製品,9,Dairy Produce,Sản Phẩm Từ Sữa,乳制品,Produits Laitiers,Milchprodukte,डेयरी उत्पादन,Produk Susu,Produzione Giornaliera,유제품,Hasil Tenusu,Produção Diária,молочные продукты,Producción Diaria,ผลิตภัณฑ์นม,Pagawaan Ng Gatas,منتجات الألبان,Produkty Mleczne,Mliječnih Proizvoda,Zuivelproducten,γαλακτοκομικά προϊόντα,Tejtermékek,Mejeriprodukter,Mléčné Výrobky,Produs Lactat,млечни продукти,Mejeriprodukter,Süt Ürünleri,Maitotuote,Mlečnih Izdelkov,محصولات لبنی,দুগ্ধ উত্পাদন,молочні продукти,የወተት ተዋጽኦ ምርቶች,ផលិតផលទឹកដោះគោ,කිරි නිෂ්පාදන,Umkhiqizo Wezobisi,Mazao Ya Maziwa,ຜະລິດຕະພັນນົມ,Melkeprodukter
69,7,パンと小麦粉,5,Breads And Flours,Bánh Mì Và Bột,面包和面粉,Pains Et Farines,Brote Und Mehle,ब्रेड और आटा,Roti Dan Tepung,Pane E Farina,빵과 밀가루,Roti Dan Tepung,Pães E Farinhas,хлеб и мука,Panes Y Harinas,ขนมปังและแป้ง,Tinapay At Flours,الخبز والدقيق,Chleby I Mąki,Kruh I Brašno,Brood En Meel,τα ψωμιά και τα αλεύρια,Kenyér És Liszt,Bröd Och Mjöl,Chleby A Mouky,Pâine Și Făină,хляб и брашна,Brød Og Mel,Ekmekler Ve Unlar,Leivät Ja Jauhot,Kruh In Moka,نان و آرد,রুটি এবং আটা,хліб і борошно,ዳቦና ፍራፍሬ,នំបុ័ងនិងម្សៅ,පාන් සහ පිටි,Izinkwa Kanye Nemifantu,Mikate Na Flours,breads and flours,Brød Og Mel
70,7,ケーキとデザート,4,Cakes And Desserts,Bánh Ngọt Và Món Tráng Miệng,蛋糕和甜点,Gâteaux Et Desserts,Kuchen Und Desserts,केक और मिठाई,Kue Dan Makanan Penutup,Torte E Dessert,케이크와 디저트,Kek Dan Pencuci Mulut,Bolos E Sobremesas,торты и десерты,Pasteles Y Postres,เค้กและขนมหวาน,Cake At Dessert,الكعك والحلويات,Ciasta I Desery,Kolači I Deserti,Cakes En Desserts,κέικ και επιδόρπια,Sütemények És Desszertek,Kakor Och Desserter,Dorty A Dezerty,Prăjituri Și Deserturi,торти и десерти,Kager Og Desserter,Kekler Ve Tatlılar,Kakkuja Ja Jälkiruokia,Pecivo In Sladice,کیک و دسر,কেক এবং মিষ্টি,торти та десерти,ኬኮች እና ጣፋጭ ምግቦች,នំនិងបង្អែម,කේක් හා අතුරුපස,Amaqebelengwane Nama-Dessert,Mikate Na Dessert,cake ແລະ desserts,Kaker Og Desserter
72,7,飲物,3,Drinks,Đồ Uống,饮料,Les Boissons,Getränke,पेय,Minuman,Bevande,음료수,Minuman,Bebidas,напитки,Las Bebidas,เครื่องดื่ม,Inumin,مشروبات,Napoje,Pića,Drankjes,αναψυκτικά,Italok,Drycker,Nápoje,Băuturi,напитки,Drikkevarer,Içecekler,Juomat,Pijače,نوشیدنی ها,পানীয়,напої,መጠጦች,ភេសជ្ជៈ,බීම,Iziphuzo,Vinywaji,ເຄື່ອງດື່ມ,Drikkevarer
73,8,カフェ,5,Café,Cafe,咖啡,Café,Cafe,कैफे,Kafe,Bar,카페,Kafe,Café,кафе,El Café,คาเฟ่,Cafe,كافيه,Kawiarnia,Kafić,Cafe,καφενείο,Kávézó,Kafé,Kavárna,Cafenea,кафене,Cafe,Kafe,Kahvila,Kavarna,کافه,ক্যাফের,кафе,ካፌ,ហាងកាហ្វេ,කැෆේ,Ikhefu,Kahawa,ຄາເຟ,Kafe
74,8,バー,6,Bar,Quán Bar,酒吧,Bar,Bar,बार,Bar,Bar,바,Bar,Barra,бар,Bar,บาร์,Bar,شريط,Bar,Bar,Bar,μπαρ,Bár,Bar,Bar,Bar,бар,Bar,Bar,Baari,Bar,بار,বার,бар,አሞሌ,របារ,බාර්එක,Ibha,Bar,ບາ,Bar
75,8,レストラン,1,Restaurant,Nhà Hàng,饭店,Restaurant,Restaurant,खाने की दुकान,Restoran,Ristorante,레스토랑,Restoran,Restaurante,ресторан,Restaurante,ร้านอาหาร,Restawran,مطعم,Restauracja,Restoran,Restaurant,εστιατόριο,Étterem,Restaurang,Restaurace,Restaurant,ресторант,Restaurant,Restoran,Ravintola,Restavracija,رستوران,রেস্টুরেন্ট,ресторан,ምግብ ቤት,ភោជនីយដ្ឋាន,අවන්හලක්,Yokudlela,Mgahawa,ຮ້ານອາຫານ,Restaurant
76,8,ファーストフード,2,Fast Food,Quán Ăn Nhanh,快餐,Fast Food,Fast Food,फास्ट फूड,Makanan Cepat Saji,Fast Food,패스트 푸드,Makanan Segera,Comida Rápida,быстрое питание,Comida Rápida,อาหารจานด่วน,Mabilis Na Pagkain,الوجبات السريعه,Fast Food,Brza Hrana,Fast Food,γρήγορο φαγητό,Gyors Kaja,Snabbmat,Fast Food,Fast Food,бързо хранене,Fastfood,Fast Food,Pikaruoka,Hitra Hrana,فست فود,ফাস্ট ফুড,фастфуд,ፈጣን ምግብ,អាហាររហ័ស,ක්ෂණික ආහාර,Ukudla Okusheshayo,Chakula Cha Haraka,ອາ​ຫານ​ຈານ​ດ່ວນ,Hurtigmat
77,8,朝食,3,Breakfast,Bữa Sáng,早餐,Petit Déjeuner,Frühstück,सुबह का नाश्ता,Sarapan,Prima Colazione,아침 식사,Sarapan Pagi,Café Da Manhã,завтрак,Desayuno,อาหารเช้า,Almusal,وجبة افطار,Śniadanie,Doručak,Ontbijt,ΠΡΩΙΝΟ ΓΕΥΜΑ,Reggeli,Frukost,Snídaně,Mic Dejun,закуска,Morgenmad,Kahvaltı,Aamiainen,Zajtrk,صبحانه,ব্রেকফাস্ট,сніданок,ቁርስ,អាហារពេលព្រឹក,උදෑසන ආහාරය,Kwasekuseni,Kifungua Kinywa,ອາຫານເຊົ້າ,Frokost
78,8,食事,4,Dinner,Bữa Tối,晚餐,Dîner,Abendessen,रात का खाना,Makan Malam,Cena,공식 만찬,Makan Malam,Jantar,обед,Cena,อาหารเย็น,Hapunan,وجبة عشاء,Obiad,Večera,Diner,δείπνο,Vacsora,Middag,Večeře,Masa De Seara,вечеря,Aftensmad,Akşam Yemegi,Päivällinen,Večerja,شام,ডিনার,вечеря,እራት,អាហារ​ពេលល្ងាច,රාත්රී ආහාරය,Dinner,Chajio,ອາຫານຄ່ໍາ,Middag
79,9,学校  school,1,School,Trường Học,学校,École,Schule,स्कूल,Sekolah,Scuola,학교,Sekolah,Escola,школа,Colegio,โรงเรียน,Paaralan,مدرسة,Szkoła,Škola,School-,σχολείο,Iskola,Skola,Škola,Şcoală,училище,Skole,Okul,Koulu,Šoli,مدرسه,স্কুল,школа,ትምህርት ቤት,សាលារៀន,පාසලේ,Isikole,Shule,ໂຮງຮຽນ,Skole
80,9,数学,3,Math,Môn Toán,数学,Math,Mathematik,गणित,Matematika,Matematica,수학,Matematik,Matemática,математический,La Matematica,คณิตศาสตร์,Matematika,الرياضيات,Matematyka,Matematika,Wiskunde,μαθηματικά,Matematikai,Matematik,Matematika,Matematica,математика,Matematik,Matematik,Matematiikka,Matematika,ریاضی,গণিত,математику,ሒሳብ,គណិតវិទ្យា,ගණිතය,Izibalo,Math,ຄະນິດສາດ,Matte
82,9,大学,2,College,Đại Học,大学,Université,Hochschule,कॉलेज,Perguruan Tinggi,Università,칼리지,Kolej,Faculdade,колледж,La Universidad,วิทยาลัย,Kolehiyo,كلية,Szkoła Wyższa,Koledž,College,Κολλέγιο,Főiskola,Högskola,Vysoká Škola,Colegiu,колеж,Kollegium,Kolej,College,Kolegij,دانشکده,কলেজ,коледж,ኮሌጅ,មហាវិទ្យាល័យ,විදුහල,Ekolishi,Chuo,ວິທະຍາໄລ,Høyskole
83,10,事務所,2,Office,Văn Phòng,办公室,Bureau,Büro,कार्यालय,Kantor,Ufficio,사무실,Pejabat,Escritório,офис,La Oficina,สำนักงาน,Opisina,مكتب. مقر. مركز,Gabinet,Ured,Kantoor,γραφείο,Hivatal,Kontor,Kancelář,Birou,офис,Kontor,Ofis,Toimisto,Uradu,دفتر,দপ্তর,офіс,ቢሮ,ការិយាល័យ,කාර්යාල,Ihhovisi,Ofisi,office,Kontor
84,10,コンピュータ,3,Computer,Máy Tính,电脑,Ordinateur,Computer,कंप्यूटर,Komputer,Computer,컴퓨터,Komputer,Computador,компьютер,La Computadora,คอมพิวเตอร์,Computer,الحاسوب,Komputer,Računalo,Computer,υπολογιστή,Számítógép,Dator,Počítač,Calculator,компютър,Computer,Bilgisayar,Tietokone,Računalnik,کامپیوتر,কম্পিউটার,комп'ютера,ኮምፒተር,កុំព្យូទ័រ,පරිගණක,Ikhompyutha,Kompyuta,ຄອມພິວເຕີ,Datamaskin
87,10,農場,4,Farm,Nông Trại,农场,Ferme,Bauernhof,खेत,Tanah Pertanian,Azienda Agricola,농장,Ladang,Fazenda,ферма,La Granja,ฟาร์ม,Sakahan,مزرعة,Gospodarstwo Rolne,Farma,Farm,αγρόκτημα,Tanya,Bruka,Hospodařit,Fermă,ферма,Gård,Çiftlik,Maatila,Kmetije,مزرعه,খামার,ферми,እርሻ,កសិដ្ឋាន,ගොවිපල,Epulazini,Shamba,ກະສິກໍາ,Gård
88,10,建設,5,Construction,Xây Dựng,建设,Construction,Konstruktion,निर्माण,Konstruksi,Costruzione,구성,Pembinaan,Construção,строительство,Construcción,การก่อสร้าง,Konstruksiyon,اعمال بناء,Budowa,Izgradnja,Bouw,κατασκευή,Építés,Konstruktion,Konstrukce,Constructie,строителство,Konstruktion,Inşaat,Rakentaminen,Gradnja,ساخت و ساز,নির্মাণ,будівництво,ግንባታ,សំណង់,ඉදිකිරීම,Ukwakhiwa,Ujenzi,ການກໍ່ສ້າງ,Konstruksjon
89,10,職業,1,Occupations,Nghề Nghiệp,职业,Métiers,Berufe,व्यवसायों,Pekerjaan,Occupazioni,직업,Pekerjaan,Ocupações,профессий,Ocupaciones,การประกอบอาชีพ,Trabaho,المهن,Zawody,Zanimanja,Beroepen,επαγγέλματα,Foglalkozások,Yrken,Povolání,Ocupații,професии,Erhverv,Meslekler,Ammatit,Poklicih,مشاغل,পেশা,занять,ስራዎች,មុខរបរ,වාඩිලාගනු ඇත,Imisebenzi,Kazi,ອາຊີບ,Yrker
90,11,道路,1,Roads,Đường,道路,Routes,Straßen,सड़कें,Jalan,Strade,도로,Jalan Raya,Estradas,дороги,Las Carreteras,ถนน,Mga Kalsada,الطرق,Drogi,Ceste,Wegen,δρόμους,Utak,Vägar,Silnic,Drumuri,пътища,Veje,Yollar,Tiet,Cestah,جاده ها,সড়ক,дороги,መንገዶች,ផ្លូវ,මාර්ග,Imigwaqo,Barabara,ຖະຫນົນຫົນທາງ,Veier
91,11,バス,3,Bus,Xe Bus,公共汽车,Autobus,Bus,बस,Bis,Autobus,버스,Bas,Ônibus,автобус,El Autobús,รถบัส,Bus,حافلة,Autobus,Autobus,Bus,λεωφορείο,Busz,Buss,Autobus,Autobuz,автобус,Bus,Otobüs,Bussi,Avtobus,اتوبوس,বাস,автобус,አውቶቡስ,ឡានក្រុង,බස්,Ibhasi,Basi,ລົດເມ,Buss
92,11,自動車,2,Car,Xe Ô Tô,汽车,Voiture,Auto,गाड़ी,Mobil,Auto,차,Kereta,Carro,автомобиль,Coche,รถ,Kotse,سيارة,Samochód,Automobil,Auto,αυτοκίνητο,Autó,Bil,Auto,Mașină,кола,Bil,Araba,Auto,Avto,ماشین,গাড়ী,автомобіль,መኪና,រថយន្ត,මෝටර් රථ,Imoto,Gari,ລົດໃຫຍ່,Bil
93,11,オートバイ,5,Motorcycle,Xe Máy,摩托车,Moto,Motorrad,मोटरसाइकिल,Sepeda Motor,Motociclo,오토바이,Motosikal,Motocicleta,мотоцикл,Motocicleta,รถจักรยานยนต์,Motorsiklo,دراجة نارية,Motocykl,Motorcikl,Motorfiets,μοτοσυκλέτα,Motorbicikli,Motorcykel,Motocykl,Motocicletă,мотоциклет,Motorcykel,Motosiklet,Moottoripyörä,Motorno Kolo,موتورسیکلت,মোটরসাইকেল,мотоцикл,ሞተርሳይክል,ម៉ូតូ,යතුරු පැදිය,Isithuthuthu,Pikipiki,ລົດຈັກ,Motorsykkel
94,11,自転車,4,Bicycle,Xe Đạp,自行车,Vélo,Fahrrad,साइकिल,Sepeda,Bicicletta,자전거,Basikal,Bicicleta,велосипед,Bicicleta,รถจักรยาน,Bisikleta,دراجة,Rower,Bicikl,Fiets,ποδήλατο,Kerékpár,Cykel,Jízdní Kolo,Bicicletă,велосипед,Cykel,Bisiklet,Polkupyörä,Kolesa,دوچرخه,সাইকেল,велосипед,ብስክሌት,កង់,බයිසිකලයක්,Ibhayisikili,Baiskeli,ລົດ​ຖີບ,Sykkel
95,11,列車,6,Train,Tàu,火车,Train,Zug,रेल गाडी,Melatih,Treno,기차,Kereta Api,Trem,поезд,Entrenar,รถไฟ,Tren,قطار,Pociąg,Vlak,Trein,τρένο,Vonat,Tåg,Vlak,Tren,влак,Tog,Tren,Kouluttaa,Vlak,قطار - تعلیم دادن,রেলগাড়ি,поїзд,ባቡር,រថភ្លើង,දුම්රිය,Isitimela,Treni,ຝຶກອົບຮົມ,Tog
96,11,航空機,7,Aircraft,Máy Bay,飞机,Avion,Flugzeug,हवाई जहाज,Pesawat Terbang,Aereo,항공기,Kapal Terbang,Aeronave,самолет,El Avión,อากาศยาน,Aircraft,الطائرات,Samolot,Zrakoplov,Vliegtuig,αεροσκάφος,Repülőgép,Flygplan,Letadlo,Avioane,самолет,Fly,Uçak,Ilma-Alus,Zrakoplovom,هواپیما,বিমান,літаків,አውሮፕላን,យន្តហោះ,ගුවන් යානා,Izindiza,Ndege,ເຄື່ອງບິນ,Luftfartøy
97,11,空港,8,Airport,Sân Bay,机场,Aéroport,Flughafen,हवाई अड्डा,Bandara,Aeroporto,공항,Lapangan Terbang,Aeroporto,аэропорт,Aeropuerto,สนามบิน,Paliparan,مطار,Lotnisko,Zračna Luka,Luchthaven,το αεροδρομιο,Repülőtér,Flygplats,Letiště,Aeroport,летище,Lufthavn,Havalimanı,Lentokenttä,Letališče,فرودگاه,বিমানবন্দর,аеропорт,አየር ማረፊያ,ព្រ​លាន​យន្តហោះ,ගුවන් තොටුපොළ,Sezindiza,Uwanja Wa Ndege,ສະ​ຫນາມ​ບິນ,Flyplassen
98,11,船,9,Ship,Thuyền,船,Navire,Schiff,समुंद्री जहाज,Kapal,Nave,배,Kapal,Navio,корабль,El Barco,เรือ,Barko,سفينة,Statek,Brod,Schip,πλοίο,Hajó,Fartyg,Loď,Navă,кораб,Skib,Gemi,Laiva,Ladje,کشتی,জাহাজ,корабель,መርከብ,នាវា,නැව,Umkhumbi,Meli,ເຮືອ,Skip
101,12,ラグビー,5,Rugby,Bóng Bầu Dục,英式橄榄球,Le Rugby,Rugby,रग्बी,Ragbi,Rugby,럭비,Ragbi,Rúgbi,регби,El Rugby,รักบี้,Rugby,كرة القدم الامريكية,Rugby,Ragbi,Rugby,ράγκμπι,Rögbi,Rugby,Ragby,Rugbi,ръгби,Rugby,Ragbi,Rugby,Rugby,راگبی,রাগবিখেলা,регбі,ራግቢ,កីឡាបាល់ឱប,රග්බි,I-Rugby,Rugby,rugby,Rugby
102,12,サッカー,4,Soccer,Bóng Đá,足球,Football,Fußball,फुटबॉल,Sepak Bola,Calcio,축구,Bola Sepak,Futebol,футбольный,El Fútbol,ฟุตบอล,Soccer,كرة القدم,Piłka Nożna,Nogomet,Voetbal,ποδόσφαιρο,Futball,Fotboll,Fotbal,Fotbal,футбол,Fodbold,Futbol,Jalkapallo,Nogomet,فوتبال,ফুটবল খেলা,футбол,እግር ኳስ,បាល់ទាត់,පාපන්දු,Ibhola,Soka,soccer,Fotball
103,12,ホッケー,9,Hockey,Khúc Côn Cầu,曲棍球,Le Hockey,Eishockey,हॉकी,Hoki,Hockey,하키,Hoki,Hóquei,хоккей,El Hockey,ฮอกกี้,Hockey,الهوكي,Hokej,Hokej,Hockey,χακί,Jégkorong,Hockey,Hokej,Hochei,хокей,Hockey,Hokey,Jääkiekko,Hokej,هاکی,হকিখেলা,хокей,ሆኪ,វាយកូនគោល,හොකී,I-Hockey,Hockey,hockey,Hockey
104,12,クリケット,10,Cricket,Môn Crickê,板球,Criquet,Kricket,क्रिकेट,Jangkrik,Cricket,크리켓,Kriket,Grilo,крикет,El Criquet,จิ้งหรีด,Kuliglig,كريكيت,Krykiet,Kriket,Krekel,κρίκετ,Krikett,Cricket,Kriket,Crichet,крикет,Cricket,Kriket,Kriketti,Kriket,کریکت,ক্রিকেট,крикет,ክሪኬት,កីឡា cricket,ක්රිකට්,Ikhilikithi,Kriketi,cricket,Siriss
105,12,バスケットボール,3,Basketball,Bóng Rổ,篮球,Basketball,Basketball,बास्केटबाल,Bola Basket,Pallacanestro,농구,Bola Keranjang,Basquetebol,баскетбол,El Baloncesto,บาสเกตบอล,Basketball,كرة سلة,Koszykówka,Košarka,Basketbal,μπάσκετ,Kosárlabda,Basketboll,Basketball,Baschet,баскетбол,Basketball,Basketbol,Koripallo,Košarka,بسکتبال,বাস্কেটবল,баскетбол,ቅርጫት ኳስ,បាល់បោះ,පැසිපන්දු,Basketball,Mpira Wa Kikapu,ບ້ວງ,Basketball
106,12,野球,2,Baseball,Bóng Chày,棒球,Base-Ball,Baseball,बेसबॉल,Baseball,Baseball,야구,Besbol,Beisebol,бейсбол,El Béisbol,กีฬาเบสบอล,Baseball,البيسبول,Baseball,Bejzbol,Basketbal,μπέιζμπολ,Baseball,Baseboll,Baseball,Baseball,бейзбол,Baseball,Beyzbol,Baseball,Baseball,بیسبال,বেসবল,бейсбол,ቤዝቦል,កីឡាបាល់បោះ,බේස්බෝල්,Baseball,Baseball,baseball,Baseball
107,12,テニス,1,Tennis,Quần Vợt,网球,Tennis,Tennis,टेनिस,Tenis,Tennis,테니스,Tenis,Tênis,большой теннис,Tenis,เทนนิส,Tennis,تنس,Tenis Ziemny,Tenis,Tennis,τένις,Tenisz,Tennis,Tenis,Tenis,тенис,Tennis,Tenis,Tennis,Tenis,تنیس,টেনিস,теніс,ቴኒስ,កីឡាវាយកូនបាល់,ටෙනිස්,I-Tennis,Tennis,tennis,Tennis
108,12,ゴルフ,6,Golf,Golf,高尔夫球,Le Golf,Golf,गोल्फ़,Golf,Golf,골프,Golf,Golfe,гольф,Golf,กอล์ฟ,Golf,جولف,Golf,Golf,Golf,γκολφ,Golf,Golf,Golf,Golf,голф,Golf,Golf,Golf,Golf,گلف,গলফ,гольф,ጎልፍ,កីឡាវាយកូនគោល,ගොල්ෆ්,Igalofu,Golf,golf,Golf
109,12,陸上競技,11,Track And Field,Sân Chạy Đua,田径,Athlétisme,Leichtathletik,ट्रैक और फील्ड,Trek Dan Lapangan,Atletica Leggera,육상 경기,Trek Dan Padang,Pista E Campo,легкая атлетика,Pista Y Campo,ติดตามและ,Track At Field,تتبع وتمحص,Lekkoatletyka,Staza I Teren,Track En Field,κομμάτι και πεδίο,Atlétika,Friidrott,Trati A Pole,Calea Și Câmpul,писта и поле,Spor Og Felt,Atletizm,Yleisurheilu,In Steza,پیگیری و زمینه,ট্র্যাক এবং ক্ষেত্র,легка атлетика,ዱካ እና መስክ,បទនិងវាល,ධාවන තරඟයයි,Ithrekhi Nomkhakha,Kufuatilia Na Shamba,ຕິດຕາມແລະສະຫນາມ,Friidrett
110,12,格闘技,7,Combat Sports,Võ Thuật,武术,Sports De Combat,Kampfsportarten,मुक़ाबले का खेल,Olahraga Tempur,Sport Di Combattimento,전투 스포츠,Pertempuran Sukan,Esportes De Combate,Единоборства,Deportes De Combate,กีฬาการต่อสู้,Combat Sports,الرياضة القتالية,Sporty Walki,Borbeni Sportovi,Vechtsporten,Αθλήματα πάλης,Küzdősportok,Kampsporter,Bojové Sporty,Sporturi De Lupta,Бойни спортове,Bekæmpe Sport,Dövüş Sporları,Taistele Urheilua,Borilni Športi,ورزش های رزمی,যুদ্ধ ক্রীড়া,Бойові види спорту,የጨዋታ ስፖርቶች,ប្រយុទ្ធកីឡា,සටන් ක්රීඩා,Imidlalo Yokulwa,Kupambana Na Michezo,ການຕໍ່ສູ້ກິລາ,Kampsport
111,12,水泳,8,Swimming,Bơi,游泳,Nager,Schwimmen,तैराकी,Renang,Nuoto,수영,Berenang,Natação,плавание,Nadando,ว่ายน้ำ,Swimming,سباحة,Pływanie,Plivanje,Zwemmen,κολύμπι,Úszás,Simning,Plavání,Înot,плуване,Svømning,Yüzme,Uima-,Plavanje,شنا کردن,সাঁতার,плавання,መዋኛ,ហែលទឹក,පිහිනීම,Ukubhukuda,Kuogelea,ລອຍນ້ໍາ,Svømme~~POS=TRUNC
112,12,セーリング,12,Sailing,Thuyền Buồm,帆船,Voile,Segeln,नौकायन,Pelayaran,Andare In Barca,항해,Belayar,Vela,парусный спорт,La Navegación A Vela,การเดินเรือ,Paglalayag,إبحار,Żeglarstwo,Jedrenje,Het Zeilen,ιστιοπλοΐα,Vitorlázás,Segling,Plachtění,Navigație,ветроходство,Sejlads,Yelkencilik,Purjehdus,Jadranje,کشتیرانی,পালতোলা,вітрильний спорт,የባህር ጉዞ,sailing,යාත්රා කිරීමයි,Ukuhamba Ngomkhumbi,Safari,sailing,Seiling
113,12,乗馬,13,Horseback Riding,Cưỡi Ngựa,骑马,Monter À Cheval,Reiten,घुड़सवारी,Menunggang Kuda,Equitazione,승마,Menunggang Kuda,Cavalgando,верховая езда,Montar A Caballo,การขี่ม้า,Pangangabayo,ركوب الخيل,Jazda Konna,Jahanje Konja,Paardrijden,ιππασία,Lovaglás,Ridning,Jízda Na Koni,Călărie,конна езда,Ridning,Ata Binme,Ratsastus,Jahanje Konja,اسب سواری,অশ্বারোহণ,верхова їзда,ፈረስ ግልቢያ,ជិះសេះ,අශ්ව කාරියක්,Ukugibela Emhlane We Hhashi,Farasi Wanaoendesha,ຂີ່​ມ້າ,Hesteridning
114,12,釣り,14,Fishing,Câu Cá,钓鱼,Pêche,Angeln,मछली पकड़ना,Penangkapan Ikan,Pesca,어업,Memancing,Pescaria,ловля рыбы,Pescar,ประมง,Pangingisda,صيد السمك,Wędkarstwo,Ribarstvo,Visvangst,αλιεία,Halászat,Fiske,Rybolov,Pescuit,риболов,Fiskeri,Balık Tutma,Kalastus,Ribolov,صید ماهی,মাছ ধরা,риболовля,አሳ ማጥመድ,នេសាទ,මාඵ ඇල්ලීම,Ukudoba,Uvuvi,ການຫາປາ,Fiske
115,12,スキー,15,Skiing,Trượt Tuyết,滑雪,Ski,Skifahren,स्कीइंग,Bermain Ski,Sciare,스키 타기,Ski,Esquiar,кататься на лыжах,Esquí,การเล่นสกี,Skiing,التزحلق,Jazda Na Nartach,Skijanje,Skiën,χιονοδρόμια,Síelés,Skidåkning,Lyžování,Schi,каране на ски,Stå På Ski,Kayak Yapma,Hiihto,Smučanje,اسکی,স্কিইং,катання на лижах,ስኪንግ,ជិះស្គី,සැහැල්ලුයි,Ukushushuluza,Skiing,skiing,Stå På Ski
116,12,他のスポーツ,17,Other Sports,Môn Thể Thao Khác,其他运动,Autres Sports,Andere Sportarten,अन्य खेलों,Olahraga Lainnya,Altri Sport,다른 스포츠,Sukan Lain,Outros Esportes,другие виды спорта,Otros Deportes,กีฬาอื่น ๆ,Ibang Palakasan,رياضات اخرى,Inne Sporty,Druge Sportove,Andere Sporten,άλλα αθλήματα,Más Sportok,Andra Sporter,Ostatní Sporty,Alte Sporturi,други спортове,Andre Sportsgrene,Diğer Sporlar,Muita Urheilulajeja,Drugih Športov,ورزش های دیگر,অন্যান্য খেলাধুলা,інші види спорту,ሌሎች ስፖርቶች,កីឡាផ្សេងទៀត,වෙනත් ක්රීඩා,Ezinye Zezemidlalo,Michezo Mingine,ກິລາອື່ນໆ,Andre Idretter
117,12,フィットネス,16,Fitness,Thể Dục,健身,Aptitude,Fitness,फिटनेस,Kebugaran,Fitness,적합,Kecergasan,Ginástica,фитнес,La Forrma Fisica,การออกกำลังกาย,Fitness,اللياقه البدنيه,Zdatność,Sposobnost,Geschiktheid,καταλληλότητα,Alkalmasság,Kondition,Zdatnost,Fitness,фитнес,Fitness,Fitness,Kunto,Fitnes,تناسب اندام,জুত,фітнес,አካል ብቃት,ភាពរឹងមាំ,යෝග්යතාවය,Ukufaneleka,Fitness,ຟິດເນດ,Fitness
118,13,劇場,8,Theater,Rạp Hát,剧场,Théâtre,Theater,थिएटर,Teater,Teatro,극장,Teater,Teatro,театр,Teatro,โรงละคร,Teatro,مسرح,Teatr,Kazalište,Theater,θέατρο,Színház,Teater,Divadlo,Teatru,театър,Teater,Tiyatro,Teatteri,Gledališče,تئاتر,থিয়েটার,театр,ቲያትር,ល្ខោន,රංග ශාලාව,Indawo Yaseshashalazini,Sinema,ໂຮງລະຄອນ,Teater
119,13,オーケストラ,9,Orchestra,Dàn Nhạc,管弦乐队,Orchestre,Orchester,ऑर्केस्ट्रा,Orkestra,Orchestra,오케스트라,Orkestra,Orquestra,оркестр,Orquesta,วงออเคสตรา,Orkestra,أوركسترا,Orkiestra,Orkestar,Orkest,ορχήστρα,Zenekar,Orkester,Orchestr,Orchestră,оркестър,Orkester,Orkestra,Orkesteri,Orkester,ارکستر,অর্কেস্ট্রা,оркестр,ኦርኬስትራ,វង់តន្រ្តី,වාද්ය වෘන්දය,I-Orchestra,Orchestra,orchestra,Orkester
120,13,コンサート,10,Concert,Buổi Hòa Nhạc,演奏会,Concert,Konzert,संगीत कार्यक्रम,Konser,Concerto,음악회,Konsert,Show,концерт,Concierto,คอนเสิร์ต,Konsyerto,حفلة موسيقية,Koncert,Koncert,Concert,συναυλία,Koncert,Konsert,Koncert,Concert,концерт,Koncert,Konser,Konsertti,Koncert,کنسرت,সঙ্গীতানুষ্ঠান,концерт,ኮንሰርት,ការប្រគុំតន្ត្រី,ප්රසංගය,Ikhonsathi,Tamasha,concert,Konsert
121,13,観光,1,Sightseeing,Tham Quan,观光,Tourisme,Besichtigung,पर्यटन स्थलों का भ्रमण,Melihat-Lihat,Giro Turistico,관광,Bersiar-Siar,Passear,осмотр достопримечательностей,Turismo,การชมทิวทัศน์,Pagliliwaliw,معالم المدينة,Zwiedzanie,Razgledavanje,Bezienswaardigheden Bekijken,περιοδεία εις αξιοθέατα μέρη,Városnézés,Sightseeing,Prohlížení Památek,Turistic,разглеждане на забележителности,Sightseeing,Gezi,Kiertoajelu,Oglede,تماشا,দর্শনীয় স্থানাদিদর্শন,огляд визначних пам'яток,የእግር ጉዞ,ដើរកម្សាន្ត,නැරඹීම,Ukubona Indawo,Sightseeing,sightseeing,Sightseeing
122,13,野外活動,2,Outdoor Activities,Hoạt Động Ngoài Trời,户外活动,Activités Extérieures,Outdoor-Aktivitäten,बाहरी गतिविधियाँ,Kegiatan Di Luar Ruangan,Attività All'aperto,야외 활동,Aktiviti Luar,Atividades Ao Ar Livre,мероприятия на свежем воздухе,Actividades Al Aire Libre,กิจกรรมกลางแจ้ง,Panglabas Na Gawain,الأنشطة في الهواء الطلق,Zajęcia Na Dworzu,Aktivnosti Na Otvorenom,Buitenactiviteiten,υπαίθριες δραστηριότητες,Szabadtéri Tevékenységek,Utomhus Aktiviteter,Venkovní Aktivity,Activitati In Aer Liber,дейности на открито,Udendørs Aktiviteter,Açık Hava Etkinlikleri,Ulkoilu,Aktivnosti Na Prostem,فعالیت های در فضای باز,বহিরঙ্গন কার্যক্রম,заходи на свіжому повітрі,ከቤት ውጭ እንቅስቃሴዎች,សកម្មភាព​ខាងក្រៅ,එළිමහන් ක්රියාකාරකම්,Imisebenzi Yangaphandle,Shughuli Za Nje,ກິດ​ຈະ​ກໍາ​ກາງ​ແຈ້ງ,Friluftsliv
123,13,海辺,3,Beach,Bãi Biển,海滩,Plage,Strand,समुद्र तट,Pantai,Spiaggia,바닷가,Pantai,De Praia,пляж,Playa,ชายหาด,Beach,شاطئ بحر,Plaża,Plaža,Strand,παραλία,Strand,Strand,Pláž,Plajă,плаж,Strand,Plaj,Ranta,Plaža,ساحل دریا,সৈকত,Пляжний,የባህር ዳርቻ,ឆ្នេរ,වෙරළ,Ibhishi,Pwani,ຫາດຊາຍ,Strand
124,13,キャンプ,4,Camping,Cắm Trại,野营,Camping,Camping,डेरा डालना,Berkemah,Campeggio,캠핑,Berkhemah,Acampamento,кемпинг,Cámping,แคมป์ปิ้ง,Kamping,تخييم,Kemping,Kampiranje,Camping,κατασκήνωση,Kemping,Camping,Kempování,Camping,къмпинг,Camping,Kamp Yapmak,Telttailu,Kampiranje,چادر زدن,ক্যাম্পিং,кемпінг,ካምፕ,ជំរុំ,කඳවුරු,Ikamu,Kambi,camping,Camping
125,13,娯楽家電,5,Home Entertainment,Giải Trí Gia Đình,家庭娱乐,Divertissements À Domicile,Home-Entertainment,घरेलु मनोरंजन,Hiburan Rumah,Intrattenimento Domestico,홈 엔터테인먼트,Hiburan Di Rumah,Entretenimento Caseiro,домашние развлечения,Entretenimiento En El Hogar,ความบันเทิงภายในบ้าน,Home Entertainment,الترفيه المنزلي,Domowa Rozrywka,Kućna Zabava,Home Entertainment,ψυχαγωγία στο σπίτι,Otthoni Szórakoztatás,Hemunderhållning,Domácí Zábava,Divertisment La Domiciliu,домашно забавление,Hjemmeunderholdning,Ev Eğlencesi,Kotiviihde,Domače Razvedrilo,تفریحات خانگی,গৃহ বিনোদন,домашні розваги,የቤት መዝናኛዎች,ការកំសាន្តតាមផ្ទះ,ගෘහස්ථ විනෝදාස්වාදය,Ukuzijabulisa Ekhaya,Burudani Nyumbani,home entertainment,Hjemmeunderholdning
126,13,写真,6,Photography,Nhiếp Ảnh,摄影,La Photographie,Fotografie,फोटोग्राफी,Fotografi,Fotografia,사진술,Fotografi,Fotografia,фотография,Fotografía,การถ่ายภาพ,Photography,التصوير,Fotografia,Fotografija,Fotografie,φωτογραφία,Fényképezés,Fotografi,Fotografování,Fotografie,фотография,Fotografering,Fotoğrafçılık,Valokuvaus,Fotografije,عکاسی,ফটোগ্রাফি,фотографії,ፎቶግራፍ,រូបថត,ඡායාරූප ශිල්පය,Izithombe,Kupiga Picha,ການຖ່າຍຮູບ,Fotografering
127,13,ゲーム,7,Games,Trò Chơi,游戏,Jeux,Spiele,खेल,Pertandingan,Giochi,계략,Permainan,Jogos,игры,Juegos,เกม,Mga Laro,ألعاب,Gry,Igre,Spellen,Παιχνίδια,Játékok,Spel,Hry,Jocuri,игри,Spil,Oyunlar,Pelit,Igre,بازی ها,গেম,ігри,ጨዋታዎች,ហ្គេម,ක්රීඩා,Imidlalo,Michezo,ເກມ,Spill
128,13,美術と工芸,11,Arts And Crafts,Nghệ Thuật Và Thủ Công,工艺美术,L'artisanat,Kunst Und Handwerk,कला और शिल्प,Seni Dan Kerajinan,Arti E Mestieri,예술과 공예,Seni Dan Kraf,Artes E Ofícios,искусства и ремесла,El Artes Y Los Manualidades,ศิลปะและงานฝีมือ,Sining At Crafts,الفنون والحرف اليدوية,Sztuka I Rzemiosło,Umjetnost I Obrt,Kunst En Ambachten,τέχνες και χειροτεχνήματα,Művészet És Kézművesség,Konst Och Hantverk,Umění A Řemesla,Arte Și Meserii,изкуства и занаяти,Kunst Og Kunsthåndværk,Sanat Ve El Işi,Käsityöt,Umetnosti In Obrti,هنر و صنایع دستی,চারু ও কারুশিল্প,Мистецтво і ремесла,ሥነ ጥበብ እና የእጅ ስራዎች,សិល្បៈនិងសិប្បកម្ម,කලා හා අත්කම්,Ubuciko Nobuciko,Sanaa Na Ufundi,ສິລະປະແລະຫັດຖະກໍາ,Kunst Og Håndverk
129,14,宇宙空間,6,Space,Không Gian,空间,Espace,Platz,अंतरिक्ष,Ruang,Spazio,공간,Ruang,Espaço,пространство,Espacio,ช่องว่าง,Space,الفراغ,Przestrzeń,Prostor,Ruimte,χώρος,Tér,Rymden,Prostor,Spaţiu,пространство,Plads,Uzay,Tila,Prostor,فضا,স্থান,простір,ቦታ,ចន្លោះ,අවකාශය,Isikhala,Nafasi,space,Rom
130,14,地球,5,Earth,Trái Đất,地球,Terre,Erde,पृथ्वी,Bumi,Terra,지구,Bumi,Terra,земной шар,Tierra,โลก,Earth,أرض,Ziemia,Zemlja,Aarde,Γη,Föld,Jord,Země,Pământ,Земя,Jorden,Toprak,Maa,Zemlja,زمین,পৃথিবী,Земля,ምድር,ផែនដី,පොළොවේ,Umhlaba,Dunia,ໂລກ,Jord
131,14,地勢,2,Landscape,Phong Cảnh,风景,Paysage,Landschaft,परिदृश्य,Pemandangan,Paesaggio,경치,Landskap,Panorama,пейзаж,Paisaje,ภูมิประเทศ,Landscape,المناظر الطبيعيه,Krajobraz,Pejzaž,Landschap,τοπίο,Tájkép,Landskap,Krajina,Peisaj,пейзаж,Landskab,Peyzaj,Maisema,Pokrajina,چشم انداز,ভূদৃশ্য,краєвид,የመሬት ገጽታ,ទេសភាព,භූ දර්ශනයක්,Isimo Sezwe,Mazingira,ພູມສັນຖານ,Landskap
132,14,気象,1,Weather,Thời Tiết,天气,Météo,Wetter,मौसम,Cuaca,Tempo Metereologico,날씨,Cuaca,Clima,Погода,Clima,สภาพอากาศ,Panahon,طقس,Pogoda,Vrijeme,Weer,καιρός,Időjárás,Väder,Počasí,Vreme,метеорологично време,Vejr,Hava,Sää,Vreme,آب و هوا,আবহাওয়া,погода,የአየር ሁኔታ,អាកាសធាតុ,කාලගුණය,Sezulu,Hali Ya Hewa,ດິນຟ້າອາກາດ,Vær
133,14,岩石,9,Rocks,Đá,岩石,Roches,Felsen,चट्टानों,Batu,Rocce,바위,Batu,Rochas,горные породы,La Piedra,โขดหิน,Mga Bato,الصخور,Skały,Stijene,Rotsen,βράχια,Sziklák,Stenar,Skály,Roci,скали,Klipper,Kayaçlar,Kiviä,Skale,سنگ ها,শিলা,скелі,ድንጋዮች,ថ្ម,ගල්,Amadwala,Mawe,ໂງ່ນຫີນ,Bergarter
134,14,鉱石,10,Minerals,Khoáng Chất,矿物,Minéraux,Mineralien,खनिज पदार्थ,Mineral,Minerali,탄산수,Mineral,Minerais,полезные ископаемые,Minerales,แร่ธาตุ,Mineral,المعادن,Minerały,Minerali,Mineralen,μεταλλικά στοιχεία,Ásványok,Mineraler,Minerály,Minerale,полезни изкопаеми,Mineraler,Mineraller,Mineraalit,Minerali,مواد معدنی,খনিজ,мінералів,ማዕድናት,សារធាតុរ៉ែ,ඛනිජ,Amaminerali,Madini,ແຮ່ທາດ,Mineraler
135,14,動物,4,Animal,Động Vật,动物,Animal,Tier,जानवर,Hewan,Animale,동물,Haiwan,Animal,животное,Animal,สัตว์,Hayop,حيوان,Zwierzę,Životinja,Dier,ζώο,Állat,Djur-,Zvíře,Animal,животно,Dyr,Hayvan,Eläin,Živali,حیوانات,পশু,тварина,እንስሳ,សត្វ,සත්ව,Isilwane,Mnyama,ສັດ,Dyr
136,14,植物,3,Plants,Thực Vật,植物,Les Plantes,Pflanzen,पौधों,Tanaman,Piante,식물,Tumbuhan,Plantas,растения,Plantas,พืช,Halaman,النباتات,Rośliny,Bilje,Planten,φυτά,Növények,Växter,Rostlin,Plante,растения,Planter,Bitkiler,Kasvit,Rastline,گیاهان,গাছপালা,рослини,ዕፅዋቶች,រុក្ខជាតិ,පැල,Izitshalo,Mimea,ພືດ,Planter
137,14,市街,7,Town,Thành Phố,城镇,Ville,"Stadt, Dorf",नगर,Kota,Cittadina,도시,Bandar,Cidade,городок,Pueblo,ตัวเมือง,Bayan,مدينة,Miasto,Grad,Stad-,πόλη,Város,Stad,Město,Oraș,град,By,Kasaba,Kaupunki,Mesto,شهر,শহর,місто,ከተማ,ទីក្រុង,නගරය,Idolobha,Mji,ເມືອງ,By
138,14,建築,8,Architecture,Kiến Trúc,建筑,Architecture,Die Architektur,आर्किटेक्चर,Arsitektur,Architettura,건축물,Seni Bina,Arquitetura,архитектура,Arquitectura,สถาปัตยกรรม,Arkitektura,هندسة معمارية,Architektura,Arhitektura,Architectuur,αρχιτεκτονική,Építészet,Arkitektur,Architektura,Arhitectură,архитектура,Arkitektur,Mimari,Arkkitehtuuri,Arhitektura,معماری,স্থাপত্য,архітектури,ሥነ ሕንፃ,ស្ថាបត្យកម្ម,නිර්මාණ ශිල්පය,Izakhiwo,Usanifu,architecture,Arkitektur
139,15,時間,2,Time,Thời Gian,时间,Temps,Zeit,पहर,Waktu,Tempo,시각,Masa,Tempo,время,Hora,เวลา,Oras,زمن,Czas,Vrijeme,Tijd,χρόνος,Idő,Tid,Čas,Timp,път,Tid,Zaman,Aika,Čas,زمان,সময়,час,ጊዜ,ពេលវេលា,වේලාව,Isikhathi,Wakati,ເວລາ,Tid
140,15,カレンダー,3,Calendar,Lịch,日历,Calendrier,Kalender,कैलेंडर,Kalender,Calendario,달력,Kalendar,Calendário,календарь,Calendario,ปฏิทิน,Kalendaryo,التقويم,Kalendarz,Kalendar,Kalender,Ημερολόγιο,Naptár,Kalender,Kalendář,Calendar,календар,Kalender,Takvim,Kalenteri,Koledar,تقویم,পাঁজি,календар,የቀን መቁጠሪያ,ប្រតិទិន,දින දර්ශනය,Ikhalenda,Kalenda,ປະຕິທິນ,Kalender
141,15,数字,1,Numbers,Số,数字,Nombres,Zahlen,संख्या,Angka,Numeri,번호,Nombor,Números,чисел,Números,หมายเลข,Numero,أعداد,Liczby,Brojevi,Getallen,αριθμούς,Szám,Tal,Čísla,Numerele,численост,Numre,Sayılar,Numerot,Številke,شماره,সংখ্যার,номери,ቁጥሮች,លេខ,අංක,Izinombolo,Nambari,ຕົວເລກ,Tall
142,15,計量,5,Weights And Measures,Đo Lường,度量衡,Poids Et Mesures,Gewichte Und Maße,भार और मापन,Berat Dan Ukuran,Pesi E Misure,도량형,Berat Dan Langkah,Pesos E Medidas,веса и меры,Pesos Y Medidas,น้ำหนักและมาตรการ,Bigat At Sukat,الأوزان والمقاييس,Wagi I Rozmiary,Težine I Mjere,Gewichten En Maten,μέτρα και σταθμά,Súlyok És Mérések,Vikter Och Åtgärder,Hmotnosti A Míry,Greutati Si Masuri,тежести и мерки,Vægte Og Foranstaltninger,Ağırlıklar Ve Ölçüler,Painot Ja Mitat,Uteži In Ukrepi,وزن ها و سنجش ها,ওজন ও পরিমাপ,ваги та заходи,ክብደቶችና መለኪያዎች,ទម្ងន់និងវិធានការ,බර සහ මිනුම්,Izisindo Nezinyathelo,Uzito Na Hatua,ຫນັກແລະມາດຕະການ,Mål Og Vekt
143,15,世界地図,4,World Map,Bản Đồ Thế Giới,世界地图,Carte Du Monde,Weltkarte,दुनिया का नक्शा,Peta Dunia,Mappa Del Mondo,세계지도,Peta Dunia,Mapa Mundial,карта мира,Mapa Del Mundo,แผนที่โลก,Mapa Ng Mundo,خريطة العالم,Mapa Świata,Karta Svijeta,Wereldkaart,ΠΑΓΚΟΣΜΙΟΣ ΧΑΡΤΗΣ,Világtérkép,Världskarta,Mapa Světa,Harta Lumii,карта на света,Verdenskort,Dünya Haritası,Maailmankartta,Zemljevid Sveta,نقشه جهان,বিশ্ব মানচিত্র,карта світу,የዓለም ካርታ,ផែនទី​ពិភពលោក,ලෝක සිතියම,Imephu Yezwe,Ramani Ya Dunia,ໂລກແຜນທີ່,Verdenskart
144,15,不変化詞と反義語,7,Particles And Antonyms,Bất Biến Và Trái Nghĩa,小品词和反义词,Particules Et Antonymes,Teilchen Und Antonyme,कण और विलोम,Partikel Dan Antonim,Particelle E Contrari,입자와 반의어,Zarah Dan Antonim,Partículas E Antônimos,частицы и антонимы,Partículas Y Antónimos,อนุภาคและคำตรงข้าม,Mga Particle At Mga Antonym,الجسيمات والمتضادات,Cząstki I Antonimy,Čestice I Antonimi,Deeltjes En Antoniemen,σωματίδια και αντωνύμια,Részecskék És Antonimok,Partiklar Och Antonymer,Částic A Antonymů,Particule Și Antonime,частици и антоними,Partikler Og Antonymer,Parçacıklar Ve Zıt,Hiukkaset Ja Antonymit,Delci In Antonimi,ذرات و آنتونیم ها,কণা এবং অক্ষর,частинки і антоніми,ቅንጣቶች እና ቃላቶች,ភាគល្អិតនិងកោសិកា,අංශු හා ඇන්ටෝනියම්,Izinhlayiya Kanye Nokuphikisana,Chembe Na Vyema,particles and antonyms,Partikler Og Antonymer
145,15,便利な表現,6,Useful Phrases,Cụm Từ Hữu Ích,有用的短语,Phrases Utiles,Nützliche Ausdrücke,उपयोगी वाक्यांश,Frase Yang Berguna,Frasi Utili,유용한 구절,Peribahasa Yang Berguna,Frases Úteis,полезные фразы,Frases Útiles,วลีที่มีประโยชน์,Kapaki-Pakinabang Na Parirala,عبارات مفيدة,Przydatne Sformułowania,Korisne Fraze,Handige Zinnen,χρήσιμες φράσεις,Hasznos Kifejezések,Användbara Fraser,Užitečné Fráze,Expresii Utile,полезни фрази,Brugbare Sætninger,Kullanışlı Ifadeler,Käytännöllisiä Fraaseja,Uporabne Fraze,عبارات مفید,দরকারী বাক্যাংশ,корисні фрази,ጠቃሚ ሐረጎች,ឃ្លាដែលមានប្រយោជន៍,ප්රයෝජනවත් වාක්ය ඛණ්ඩ,Imishwana Ewusizo,Misemo Muhimu,phrases ທີ່ເປັນປະໂຫຍດ,Nyttige Setninger
149,16,日本の料理,1,Japanese Cuisine,Ẩm Thực Nhật Bản,日本料理,Cuisine Japonaise,Japanische Küche,जापानी खाना,Hidangan Jepang,Cucina Giapponese,일본 요리,Masakan Jepun,Cozinha Japonesa,Японская кухня,La Cocina Japonesa,อาหารญี่ปุ่น,Lutong Hapon,المطبخ الياباني,Kuchnia Japońska,Japanska Kuhinja,Japanse Keuken,ιαπωνική κουζίνα,Japán Konyha,Japansk Kokkonst,Japonská Kuchyně,Bucataria Japoneza,Японска кухня,Japansk Køkken,Japon Mutfağı,Japanilainen Keittiö,Japonska Kuhinja,غذای ژاپنی,জাপানি রান্না,Страви японської кухні,የጃፓን ምግብ,ម្ហូបជប៉ុន,ජපන් කෑම,Cuisine Japanese,Kijapani Vyakula,ຮ້ານອາຫານຍີ່ປຸ່ນ,Japansk Mat
158,16,日本の47都道府県,2,47 Prefectures Of Japan,Các Tỉnh Thành Nhật Bản,日本47个都道府县,47 Préfectures Du Japon,47 Präfekturen Von Japan,जपान के ४ j प्रान्त,47 Prefektur Jepang,47 Prefetture Del Giappone,일본의 47 개 도도부 현,47 Prefectures Of Japan,47 Prefeituras Do Japão,47 префектур Японии,47 Prefecturas De Japon,47 จังหวัดของญี่ปุ่น,47 Prefecture Ng Japan,47 محافظات اليابان,47 Prefektur Japonii,47 Prefektura Japana,47 Prefecturen Van Japan,47 νομούς της Ιαπωνίας,47 Japán Prefektúra,47 Prefectures Of Japan,47 Prefektur Japonska,47 Prefecturi Ale Japoniei,47 префектури на Япония,47 Præfekturer I Japan,Japonya'nın 47 Eyaleti,47 Japanin Prefektuuria,47 Prefektur Japonske,47 حومه ژاپن,জাপান 47 prefectures,47 префектур Японії,47 የጃፓን አስተዳደሮች,47 នៃប្រទេសជប៉ុន,ජපානයේ ප්රාන්ත ආක්රමණ 47 යි,47 Izifunda Zasejapane,47 Wilaya Za Japani,47 ແຂວງຂອງຍີ່ປຸ່ນ,47 Prefectures Of Japan
154,16,お祭り,3,Japanese Festival,Lễ Hội,日本节日,Festival Japonais,Japanisches Festival,जापानी त्योहार,Festival Jepang,Festival Giapponese,일본 축제,Perayaan Jepun,Festival Japonês,Японский фестиваль,El Festival De Japon,เทศกาลญี่ปุ่น,Japanese Festival,مهرجان ياباني,Japoński Festiwal,Japanski Festival,Japans Festival,Ιαπωνικό φεστιβάλ,Japán Fesztivál,Japansk Festival,Japonský Festival,Festivalul Japonez,Японски фестивал,Japansk Festival,Japon Festivali,Japanilainen Festivaali,Japonski Festival,جشنواره ژاپن,জাপানি উত্সব,Японський фестиваль,የጃፓን በዓል,ពិធីបុណ្យជប៉ុន,ජපන් උත්සවය,Umkhosi Wasejapane,Tamasha La Kijapani,ງານບຸນຍີ່ປຸ່ນ,Japansk Festival
156,16,日本のお花,4,Flowers,Các Loài Hoa Ở Nhật Bản,日本花,Fleurs,Blumen,पुष्प,Bunga-Bunga,Fiori,꽃들,Bunga,Flores,Цветы,Las Flores,ดอกไม้,Bulaklak,زهور,Kwiaty,Cvijeće,Bloemen,Λουλούδια,Virágok,Blommor,Květiny,Flori,Цветя,Blomster,Çiçekler,Kukat,Cvetje,گل ها,ফুল,Квіти,አበቦች,ផ្កា,මල්,Izimbali,Maua,ດອກ​ໄມ້,Blomster
160,16,日本の伝統的なスポーツ,0,Traditional Sport,Các Thể Thao Truyền Thông Của Nhật Bản,日本传统体育,Sport Traditionnel,Traditioneller Sport,पारंपरिक खेल,Olahraga Tradisional,Sport Tradizionale,전통 스포츠,Sukan Tradisional,Esporte Tradicional,Традиционный спорт,Deporte Tradicional,กีฬาแบบดั้งเดิม,Tradisyunal Na Palakasan,الرياضة التقليدية,Tradycyjny Sport,Tradicionalni Sport,Traditionele Sport,Παραδοσιακό αθλητισμό,Hagyományos Sport,Traditionell Sport,Tradiční Sport,Sport Tradițional,Традиционен спорт,Traditionel Sport,Geleneksel Spor,Perinteinen Urheilu,Tradicionalni Šport,ورزش سنتی,ঐতিহ্যবাহী খেলা,Традиційний спорт,ባህላዊ ስፖርት,កីឡាប្រពៃណី,සාම්ප්රදායික ක්රීඩා,Ezemidlalo Zendabuko,Mchezo Wa Jadi,ກິລາແບບດັ້ງເດີມ,Tradisjonell Sport
155,16,日本の季節,0,Season,Các Mùa Ở Nhật Bản,日本季节,Saison,Jahreszeit,ऋतु,Musim,Stagione,시즌,Musim,Temporada,Время года,Temporada,ฤดู,Season,الموسم,Pora Roku,Sezona,Seizoen,Εποχή,Évszak,Säsong,Sezóna,Sezon,сезон,Sæson,Sezon,Kausi,Sezona,فصل,ঋতু,Сезон,ወቅታዊ,រដូវ,කන්නය,Isizini,Msimu,ລະດູການ,Årstid
157,16,日本のお正月,0,Japanese New Year Eve,Ngày Tết Ở Nhật Bản,日本新年,Réveillon Du Nouvel An Japonais,Japanisches Neujahr,जापानी नव वर्ष की पूर्व संध्या,Malam Tahun Baru Jepang,Capodanno Giapponese,일본 신년 이브,Malam Tahun Baru Jepun,Véspera De Ano Novo Japonês,Канун японского нового года,Nochevieja Japonesa,วันสิ้นปีญี่ปุ่น,Japanese New Year Eve,ليلة رأس السنة اليابانية,Japoński Sylwester,Japanska Nova Godina,Japanse Oudejaarsavond,Ιαπωνική Πρωτοχρονιά,Japán Újév,Japansk Nyårsafton,Japonský Silvestr,Anul Nou De Anul Nou,Японска Нова година,Japansk Nytårsaften,Japon Yeni Yıl Arifesi,Japanin Uudenvuodenaattona,Japonsko Novo Leto,شب سال نو ژاپنی,জাপানি নতুন বছর ইভ,Японський Новий рік,የጃፓን አዲስ አመት ሔዋን,បុណ្យចូលឆ្នាំជប៉ុនរបស់ជប៉ុន,ජපන් අලුත් අවුරුද්ද,U-Eva New Year Eve,Mwaka Wa Mwaka Mpya Wa Kijapani,ຍີ່ປຸ່ນປີໃຫມ່,Japansk Nyttårsaften
153,2,男性服,2,Clothing - Men,Quần Áo Nam,男士服装,Vêtements - Hommes,Kleidung - Männer,कपड़े - पुरुष,Pakaian - Pria,Abbigliamento - Uomini,의류 - 남성용,Pakaian - Lelaki,Roupas - Homens,одежда - мужчины,Ropa - Hombre,เสื้อผ้า - ผู้ชาย,Damit - Mga Lalaki,ملابس - رجال,Odzież - Mężczyźni,Odjeća - Muškarci,Kleding - Heren,ρούχα - Άνδρες,Ruházat - Férfiak,Kläder - Män,Oblečení - Muži,Imbracaminte - Barbati,облекло - мъже,Tøj - Mænd,Giyim - Erkek,Vaatteet - Miehet,Oblačila - Moški,لباس - مردان,পোশাক - পুরুষদের,одяг - чоловіки,ልብስ - ወንዶች,សម្លៀកបំពាក់ - បុរស,ඇඳුම් - පිරිමි,Izingubo - Amadoda,Nguo - Wanaume,ເສື້ອຜ້າ - ຜູ້ຊາຍ,Klær - Menn
151,2,子供服,3,Clothing - Baby,Quần Áo Trẻ Em,儿童服装,Vêtements - Bébé,Kleidung - Baby,वस्त्र - बच्चा,Pakaian - Bayi,Abbigliamento - Baby,의류 - 아기,Pakaian - Bayi,Roupas - Bebê,одежда - Детская,Ropa - Bebé,เสื้อผ้า - เด็ก,Damit - Sanggol,ملابس - بيبي,Odzież - Baby,Odjeća - Beba,Kleding - Baby,ρούχα - Μωρό,Ruházat - Baba,Kläder - Baby,Oblečení - Baby,Îmbrăcăminte - Baby,облекло - Бебе,Tøj - Baby,Giyim - Bebek,Vaatteet - Vauva,Oblačila - Baby,لباس - عزیزم,পোশাক - শিশুর,одяг - Baby,ልብስ - ህፃን,សម្លៀកបំពាក់ - ទារក,ඇඳුම් - ළදරු,Izingubo - Baby,Mavazi - Mtoto,ເຄື່ອງນຸ່ງຫົ່ມ - ເດັກນ້ອຍ,Klær - Baby
152,16,シーフード、果物,0,Seafood And Fruit,Đồ Hải Sản Và Trái Cây,海鲜和水果,Fruits De Mer Et Fruits,Meeresfrüchte Und Obst,समुद्री भोजन और फल,Makanan Laut Dan Buah,Frutti Di Mare E Frutta,해산물과 과일,Makanan Laut Dan Buah-Buahan,Frutos Do Mar E Frutas,Морепродукты и фрукты,Marisco Y Fruta,อาหารทะเลและผลไม้,Seafood At Prutas,المأكولات البحرية والفواكه,Owoce Morza I Owoce,Plodovi Mora I Voća,Zeevruchten En Fruit,Θαλασσινά και φρούτα,Tenger Gyümölcsei És Gyümölcs,Fisk Och Skaldjur,Mořské Plody A Ovoce,Fructe De Mare Și Fructe,Морска храна и плодове,Fisk Og Frugt,Deniz Ürünleri Ve Meyve,Meren Antimet Ja Hedelmät,Morski Sadeži In Sadje,غذاهای دریایی و میوه,সীফুড এবং ফল,Морепродукти і фрукти,የባህር ምግብ እና ፍራፍሬ,អាហារសមុទ្រនិងផ្លែឈើ,මුහුදු ආහාර සහ පළතුරු,Izilwane Zasolwandle Nezithelo,Chakula Cha Baharini Na Matunda,ອາຫານທະເລແລະຫມາກໄມ້,Sjømat Og Frukt
159,16,医薬,0,Medicine,Nhà Thuốc,医学,Médicament,Medizin,दवा,Obat,Medicina,의학,Ubat,Remédio,Лекарственное средство,Medicina,ยา,Gamot,دواء,Lekarstwo,Lijek,Geneeskunde,Φάρμακο,Gyógyszer,Medicin,Medicína,Medicament,медицина,Medicin,Tıp,Lääketiede,Medicina,دارو,ঔষধ,Медицина,ሕክምና,ឱសថ,වෛද්ය විද්යාව,Imithi,Dawa,ຢາ,Medisin
150,16,観光地,0,Attraction,Địa Điểm Tham Quan,引力,Attraction,Attraktion,आकर्षण,Daya Tarik,Attrazione,끌어 당김,Tarikan,Atração,Привлечение,Atracción,เสน่ห์,Pag-Akit,جاذبية,Atrakcja,Privlačnost,Aantrekkelijkheid,Αξιοθεατο,Vonzerő,Attraktion,Atrakce,Atracţie,Атракция,Type,Cazibe,Vetovoima,Privlačnost,جاذبه,আকর্ষণ,Атракціон,መስህብ,ការទាក់ទាញ,ආකර්ෂණය,Ukuheha,Mkahawa,ການລົງທຶນ,Tiltrekning
147,16,交通、旅行,0,Transportation/ Travel In Japan,"Du Lịch, Giao Thông",在日本的交通/旅行,Transport / Voyage Au Japon,Transport / Reise In Japan,जापान में परिवहन / यात्रा,Transportasi / Perjalanan Di Jepang,Trasporto / Viaggio In Giappone,일본의 교통 / 여행,Pengangkutan / Perjalanan Di Jepun,Transporte / Viagem No Japão,Транспорт / путешествия по Японии,Transporte / Viajes En Japón,การเดินทาง / ท่องเที่ยวญี่ปุ่น,Transportasyon / Paglalakbay Sa Japan,النقل / السفر في اليابان,Transport / Podróże Po Japonii,Prijevoz / Putovanja U Japan,Vervoer / Reizen In Japan,Μεταφορές / ταξίδια στην Ιαπωνία,Szállítás / Utazás Japánban,Transport / Resa I Japan,Doprava / Cestování V Japonsku,Transport / Călătorie În Japonia,Транспорт / пътуване в Япония,Transport / Rejse I Japan,Japonya'da Ulaşım / Seyahat,Kuljetus / Matka Japanissa,Prevoz / Potovanje Na Japonsko,حمل و نقل / مسافرت در ژاپن,জাপান মধ্যে পরিবহন / ভ্রমণ,Транспорт / подорожі по Японії,ጃፓን ውስጥ መጓጓዣ / ጉዞ,ការដឹកជញ្ជូន / ការធ្វើដំណើរនៅក្នុងប្រទេសជប៉ុន,ජපානයේ ප්රවාහන / සංචාර,Ukuthutha / Ukuhamba Ejapane,Usafiri / Usafiri Huko Japan,ການຂົນສົ່ງ / ການເດີນທາງໃນປະເທດຍີ່ປຸ່ນ,Transport / Reise I Japan
146,16,便利な表現,0,Useful Phrases In Japan,Cụm Từ Hữu Ích,在日本有用的短语,Phrases Utiles Au Japon,Nützliche Sätze In Japan,जापान में उपयोगी वाक्यांश,Frasa Yang Berguna Di Jepang,Frasi Utili In Giappone,일본의 유용한 문구,Ungkapan Berguna Di Jepun,Frases Úteis No Japão,Полезные фразы в Японии,Frases Útiles En Japón,วลีที่มีประโยชน์ในประเทศญี่ปุ่น,Mga Kapaki-Pakinabang Na Parirala Sa Japan,عبارات مفيدة في اليابان,Przydatne Zwroty W Japonii,Korisni Izrazi U Japanu,Handige Frases In Japan,Χρήσιμες φράσεις στην Ιαπωνία,Hasznos Kifejezések Japánban,Användbara Fraser I Japan,Užitečné Fráze V Japonsku,Explicații Utile În Japonia,Полезни фрази в Япония,Nyttige Sætninger I Japan,Japonya'da Yararlı Ifadeler,Hyödyllisiä Lauseita Japanissa,Koristne Fraze Na Japonskem,عبارات مفید در ژاپن,জাপান মধ্যে দরকারী বাক্যাংশ,Корисні фрази в Японії,በጃፓን ውስጥ ጠቃሚ ሐረጎች,ឃ្លាដែលមានប្រយោជន៍នៅប្រទេសជប៉ុន,ජපානයේ ප්රයෝජනවත් වාක්ය ඇත,Imishwana Ewusizo Ejapane,Maneno Muhimu Katika Japani,ປະໂຫຍກທີ່ເປັນປະໂຫຍດໃນປະເທດຍີ່ປຸ່ນ,Nyttige Fraser I Japan
148,16,外食,0,Eating Out,Ăn Ngoài,外出就餐,Manger À L'extérieur,Essen Gehen,बाहर खाना,Makan Di Luar,Mangiare Fuori,외식,Makan Luar,Comendo Fora,Еда вне,Comiendo Fuera,รับประทานอาหารนอกบ้าน,Kumakain,ياكل بالخارج,Jedzenie Poza Domem,Jesti Vani,Uit Eten,Τρώγοντας έξω,Elmenni Enni,Äta Ute,Jíst Ven,Mâncat În Oraș,Ям навън,Spise Ude,Dışarıda Yemek,Syödä Ulkona,Jesti Zunaj,خوردن,খাওয়া,Харчування,ከቤት ውጭ መብላት,បរិភោគអាហារ,කෑම කන්න,Ukudla Ngaphandle,Kula Nje,ກິນອາຫານອອກ,Spise Ute
